price,type_bien,nombre_chambres,nombre_sdb,superficie,category,area,city
700000.0,appartements,3.0,3.0,170.0,location,hann_maristes,dakar
1000000.0,villas,4.0,4.0,170.0,location,almadies,dakar
750000.0,appartements,3.0,4.0,170.0,location,almadies,dakar
35000000.0,terrains,0.0,0.0,300.0,vente,ouakam,dakar
325000.0,appartements,2.0,2.0,170.0,location,sacré-cœur,dakar
1200000.0,appartements,3.0,3.0,170.0,location,virage,dakar
38000000.0,terrains,0.0,0.0,100.0,vente,mbao,dakar
175000.0,appartements,2.0,2.0,68.0,location,yoff,dakar
800000.0,appartements,3.0,4.0,170.0,location,amitié,dakar
550000.0,villas,3.0,2.0,250.0,location,mamelles,dakar
35000000.0,terrains,0.0,0.0,150.0,vente,rufisque,rufisque
300000.0,appartements,2.0,2.0,160.0,location,almadies,dakar
35000.0,appartements_meublés,2.0,2.0,110.0,location,sicap_liberté,dakar
200000000.0,terrains,0.0,0.0,100.0,vente,grand_yoff,dakar
700000.0,appartements,4.0,3.0,100.0,location,point_e,dakar
650000.0,appartements,4.0,3.0,4.0,location,mermoz-sacré_coeur,dakar
1200000.0,appartements,3.0,2.0,170.0,location,plateau,dakar
250000.0,appartements,2.0,2.0,130.0,location,liberte_6,dakar
700000.0,appartements,3.0,2.0,3.0,location,dakar_plateau,dakar
850000.0,villas,4.0,5.0,200.0,location,point_e,dakar
1346800.0,appartements,3.0,4.0,230.0,location,almadies,dakar
2250000.0,villas,6.0,6.0,244.0,location,fann,dakar
1250000.0,appartements,3.0,3.0,170.0,location,fann,dakar
250000.0,appartements,3.0,3.0,150.0,location,mamelles,dakar
3000000.0,villas,7.0,4.0,300.0,location,mamelles,dakar
1500000000.0,appartements,6.0,6.0,900.0,vente,yoff,dakar
1700000.0,appartements,3.0,4.0,170.0,location,almadies,dakar
1990000.0,bureaux_&_commerces,0.0,0.0,227.0,location,almadies,dakar
32000000.0,villas,3.0,3.0,244.0,vente,parcelle_assainies,dakar
425000.0,appartements,3.0,3.0,170.0,location,sacré-cœur,dakar
350000.0,appartements,3.0,2.0,45.0,location,mamelles,dakar
350000.0,appartements,2.0,2.0,74.0,location,almadies,dakar
75000000.0,villas,4.0,2.0,244.0,vente,almadies,dakar
1200000.0,appartements,3.0,3.0,400.0,location,amitié,dakar
350000000.0,villas,5.0,3.0,200.0,vente,almadies,dakar
1500000.0,appartements_meublés,4.0,4.0,135.0,location,almadies,dakar
75000.0,chambres,1.0,1.0,1.0,location,grand_yoff,dakar
300000.0,appartements,2.0,1.0,170.0,location,ngor,dakar
400000.0,appartements,3.0,3.0,12.0,location,point_e,dakar
400000.0,appartements,4.0,2.0,135.0,location,mamelles,dakar
280000.0,appartements,2.0,1.0,70.0,location,sipres,dakar
250000.0,appartements,2.0,3.0,150.0,location,hann_maristes,dakar
650000.0,appartements,3.0,4.0,170.0,location,vdn,dakar
1350000.0,villas,6.0,3.0,500.0,location,rufisque,rufisque
47000000.0,appartements,4.0,1.0,300.0,vente,almadies,dakar
800000.0,appartements,1.0,2.0,95.0,location,almadies,dakar
12000000.0,terrains,0.0,0.0,100.0,vente,louga,louga
250000.0,appartements,3.0,3.0,170.0,location,hann_maristes,dakar
400000.0,appartements,4.0,2.0,4.0,location,yoff,dakar
275000.0,appartements,3.0,2.0,3.0,location,keur_massar,keur_massar
1500000.0,appartements_meublés,3.0,3.0,120.0,location,fann,dakar
250000000.0,bureaux_&_commerces,0.0,0.0,100.0,vente,saly,saly
1800000.0,villas,5.0,3.0,244.0,location,nguering,thiès
65000000.0,villas,2.0,2.0,244.0,vente,fatick,dakar
500000.0,appartements,3.0,3.0,3.0,location,mamelles,dakar
900000.0,appartements,3.0,4.0,200.0,location,fann,dakar
100000.0,chambres,4.0,2.0,100.0,vente,medina,dakar
500000.0,appartements,3.0,3.0,170.0,location,bel_air,dakar
3000000.0,villas,4.0,5.0,320.0,location,fann,dakar
120000.0,appartements,3.0,3.0,170.0,location,hann_maristes,dakar
425600.0,appartements,2.0,2.0,170.0,location,vdn,dakar
400000.0,bureaux_&_commerces,0.0,0.0,94.0,location,almadies,dakar
1000000.0,appartements,4.0,2.0,100.0,location,almadies,dakar
350000.0,appartements,2.0,2.0,65.0,location,almadies,dakar
500000.0,appartements,3.0,2.0,100.0,location,almadies,dakar
175000.0,appartements,3.0,2.0,175.0,location,mbao,dakar
70000.0,appartements_meublés,3.0,2.0,130.0,location,point_e,dakar
750000.0,appartements,3.0,3.0,164.0,location,mamelles,dakar
200000.0,appartements,1.0,1.0,170.0,location,mbao,dakar
1500000.0,appartements,5.0,4.0,350.0,location,mamelles,dakar
450000.0,appartements,2.0,3.0,170.0,location,almadies,dakar
2800000.0,villas,6.0,3.0,250.0,location,plateau,dakar
1500000.0,appartements,4.0,4.0,100.0,location,mamelles,dakar
1000000.0,appartements,3.0,3.0,178.0,location,mermoz,dakar
550000.0,appartements,3.0,3.0,170.0,location,mamelles,dakar
550000.0,appartements,3.0,3.0,170.0,location,sacré-cœur,dakar
700000.0,appartements,4.0,3.0,110.0,location,almadies,dakar
2500000.0,appartements_meublés,4.0,5.0,218.0,location,yoff,dakar
300000.0,appartements,4.0,4.0,100.0,location,almadies_2,dakar
375000.0,appartements,4.0,1.0,4.0,location,ouakam,dakar
300000.0,appartements,3.0,3.0,100.0,location,mamelles,dakar
450000.0,appartements,2.0,1.0,100.0,location,mamelles,dakar
35000000.0,terrains,0.0,0.0,150.0,vente,malikounda,dakar
350000.0,appartements,2.0,1.0,90.0,location,sipres,dakar
2200000.0,villas,4.0,5.0,170.0,location,almadies,dakar
250000.0,appartements,1.0,2.0,170.0,location,vdn,dakar
750000.0,bureaux_&_commerces,0.0,0.0,230.0,location,fann,dakar
275000.0,appartements,4.0,2.0,130.0,location,parcelle_assainies,dakar
1300000.0,appartements,3.0,4.0,238.0,location,point_e,dakar
100000.0,chambres,1.0,1.0,20.0,location,medina,dakar
80000.0,appartements,2.0,1.0,2.0,location,ouakam,dakar
800000.0,bureaux_&_commerces,0.0,0.0,300.0,location,fann,dakar
1200000.0,appartements,3.0,3.0,170.0,location,point_e,dakar
650000.0,appartements,3.0,3.0,200.0,location,almadies,dakar
10000000.0,appartements,3.0,3.0,100.0,vente,toubab_dialao,toubab_dialao
1600000.0,appartements,3.0,4.0,170.0,location,almadies,dakar
27000000.0,villas,3.0,2.0,300.0,vente,saint_louis,dakar
450000.0,villas,4.0,3.0,170.0,location,nord_foire,dakar
325000.0,appartements,3.0,3.0,130.0,location,yoff,dakar
550000.0,villas,3.0,2.0,290.0,location,mamelles,dakar
20000000.0,terrains,0.0,0.0,100.0,vente,rufisque,rufisque
600000.0,appartements,3.0,3.0,170.0,location,liberte_6,dakar
1000000.0,appartements,3.0,3.0,200.0,location,fann,dakar
850000.0,appartements,3.0,3.0,170.0,location,virage,dakar
800000.0,appartements,3.0,3.0,170.0,location,mermoz,dakar
250000000.0,terrains,0.0,0.0,100.0,vente,medina,dakar
175000.0,appartements,2.0,1.0,80.0,location,fass,dakar
270000.0,appartements,1.0,2.0,170.0,location,ouest_foire,dakar
1010000.0,appartements,3.0,3.0,202.0,location,almadies,dakar
800000.0,appartements,3.0,3.0,12.0,location,mermoz,dakar
180000.0,bureaux_&_commerces,0.0,0.0,94.0,location,almadies,dakar
375000.0,appartements,3.0,2.0,3.0,location,mermoz-sacré_coeur,dakar
350000.0,appartements,4.0,2.0,100.0,location,ouakam,dakar
375000.0,appartements,3.0,1.0,100.0,location,ngor,dakar
1500000.0,appartements,3.0,3.0,170.0,location,almadies,dakar
800000.0,villas,6.0,4.0,244.0,location,mermoz-sacré_coeur,dakar
550000.0,appartements,4.0,4.0,100.0,location,sipres,dakar
500000.0,appartements,2.0,3.0,125.0,location,almadies,dakar
500000.0,appartements,2.0,3.0,100.0,location,almadies,dakar
700000.0,appartements,5.0,4.0,5.0,location,point_e,dakar
80000000.0,terrains,0.0,0.0,188.0,vente,almadies,dakar
350000.0,appartements,3.0,2.0,140.0,location,ouakam,dakar
160000.0,appartements,2.0,2.0,140.0,location,zac_mbao,dakar
1200000.0,appartements,3.0,3.0,170.0,location,fenêtre_mermoz,dakar
900000.0,appartements_meublés,3.0,2.0,3.0,location,almadies,dakar
550000.0,appartements,4.0,3.0,180.0,location,damel,dakar
11000000.0,terrains,0.0,0.0,150.0,vente,almadies,dakar
1800000.0,appartements,3.0,3.0,170.0,location,mermoz,dakar
40000000.0,appartements,4.0,2.0,100.0,vente,mariste,dakar
900000.0,appartements,4.0,2.0,100.0,location,almadies,dakar
400000.0,appartements,2.0,2.0,150.0,location,cité_keur_gorgui,dakar
1600000.0,appartements,3.0,5.0,170.0,location,mermoz,dakar
40000.0,appartements,3.0,3.0,170.0,location,virage,dakar
86900000.0,terrains,0.0,0.0,167.0,vente,ouest_foire,dakar
200000.0,appartements,2.0,1.0,12.0,location,sicap_liberté,dakar
850000.0,appartements,3.0,4.0,150.0,location,point_e,dakar
1200000.0,appartements,4.0,2.0,1500.0,vente,almadies,dakar
30000.0,appartements_meublés,2.0,1.0,75.0,location,yoff,dakar
275000.0,appartements,3.0,2.0,3.0,location,almadies,dakar
110000000.0,villas,4.0,2.0,300.0,vente,saly,saly
750000.0,villas,5.0,6.0,170.0,location,almadies,dakar
350000.0,appartements,2.0,2.0,2.0,location,mamelles,dakar
800000.0,villas,5.0,3.0,244.0,location,sipres,dakar
375000.0,appartements,2.0,3.0,170.0,location,mamelles,dakar
850000.0,villas,4.0,5.0,170.0,location,sacré-cœur,dakar
650000.0,appartements,4.0,3.0,4.0,location,almadies,dakar
30000.0,appartements_meublés,4.0,2.0,100.0,location,sicap_liberté,dakar
1200000.0,villas,4.0,5.0,170.0,location,mamelles,dakar
500000.0,appartements,3.0,3.0,185.0,location,mamelles,dakar
425000.0,appartements,4.0,3.0,4.0,location,cambérène,dakar
12000000.0,terrains,0.0,0.0,100.0,vente,dakar_plateau,dakar
2000000.0,appartements,3.0,3.0,241.0,location,almadies,dakar
250000.0,appartements,2.0,2.0,170.0,location,sicap_foire,dakar
200000.0,appartements,2.0,1.0,120.0,location,yoff,dakar
1400000.0,appartements,3.0,3.0,230.0,location,point_e,dakar
350000.0,appartements,2.0,2.0,170.0,location,almadies,dakar
750000.0,appartements,3.0,3.0,170.0,location,mbao,dakar
200000.0,appartements,2.0,2.0,100.0,location,hlm,dakar
250000.0,appartements,4.0,2.0,100.0,vente,mariste,dakar
600000.0,bureaux_&_commerces,0.0,0.0,94.0,location,sacré-coeur,dakar
350000.0,bureaux_&_commerces,0.0,0.0,65.0,location,dieuppeul-derklé,dakar
3500000.0,villas,9.0,7.0,780.0,location,mermoz-sacré_coeur,dakar
1500000.0,appartements,3.0,4.0,300.0,location,mamelles,dakar
25000000.0,appartements,2.0,1.0,52.0,vente,parcelle_assainies,dakar
45000000.0,appartements_meublés,3.0,1.0,200.0,vente,patte_d'oie,dakar
500000.0,appartements,3.0,2.0,120.0,location,ouest_foire,dakar
450000.0,villas,4.0,3.0,600.0,location,ouest_foire,dakar
70000000.0,terrains,0.0,0.0,150.0,vente,almadies,dakar
1000000.0,bureaux_&_commerces,0.0,0.0,110.0,location,sicap_liberté,dakar
200000.0,bureaux_&_commerces,0.0,0.0,94.0,location,pikine,dakar
1300000.0,villas,5.0,5.0,244.0,location,mamelles,dakar
1000000.0,villas,9.0,9.0,244.0,location,mermoz-sacré_coeur,dakar
1300000.0,appartements,4.0,4.0,145.0,location,almadies,dakar
500000.0,appartements,3.0,3.0,150.0,location,medina,dakar
550000.0,appartements,3.0,2.0,170.0,location,almadies,dakar
260000.0,appartements,3.0,3.0,3.0,location,sicap_foire,dakar
900000.0,appartements,3.0,3.0,200.0,location,mermoz,dakar
500000.0,appartements,3.0,3.0,100.0,location,hann_bel-air,dakar
550000.0,appartements,4.0,2.0,100.0,vente,mamelles,dakar
1600000.0,appartements,3.0,4.0,200.0,location,point_e,dakar
3000000.0,appartements,3.0,5.0,250.0,location,fann,dakar
600000.0,appartements,3.0,3.0,170.0,location,liberte_6_extension,dakar
1500000.0,appartements,3.0,3.0,150.0,location,ouakam,dakar
650000.0,appartements,3.0,4.0,190.0,location,vdn,dakar
19000000.0,terrains,0.0,0.0,100.0,vente,fatick,dakar
500000.0,appartements,5.0,3.0,135.0,location,yoff,dakar
300000000.0,villas,6.0,6.0,200.0,vente,almadies,dakar
300000.0,appartements,3.0,3.0,170.0,location,liberte_6,dakar
1600000.0,appartements,3.0,3.0,170.0,location,almadies,dakar
1400000.0,appartements,3.0,3.0,160.0,location,almadies,dakar
600000.0,appartements,3.0,3.0,150.0,location,ngor,dakar
26000000.0,terrains_agricoles,0.0,0.0,100.0,vente,thies,thies
400000.0,appartements,4.0,2.0,100.0,location,ouakam,dakar
100000.0,chambres,1.0,1.0,43.0,location,yoff,dakar
800000.0,appartements,2.0,2.0,115.0,location,point_e,dakar
250000.0,appartements,3.0,2.0,110.0,location,mamelles,dakar
500000.0,appartements_meublés,1.0,1.0,65.0,location,ouakam,dakar
310000.0,appartements,2.0,2.0,170.0,location,liberte_6_extension,dakar
45000000.0,villas,3.0,3.0,320.0,vente,saly,saly
78000000.0,appartements,4.0,2.0,100.0,vente,almadies,dakar
700000.0,appartements,5.0,4.0,5.0,location,mamelles,dakar
55000.0,appartements_meublés,4.0,2.0,120.0,location,sicap_liberté,dakar
450000.0,appartements,2.0,3.0,170.0,location,sicap_liberté,dakar
750000.0,appartements,4.0,3.0,4.0,location,almadies,dakar
750000.0,appartements,3.0,2.0,150.0,location,virage,dakar
1500000000.0,terrains,0.0,0.0,1000.0,vente,almadies,dakar
250000.0,appartements,2.0,2.0,60.0,location,almadies,dakar
300000.0,appartements,3.0,2.0,160.0,location,almadies,dakar
185000.0,appartements,4.0,2.0,100.0,location,mamelles,dakar
350000.0,chambres,1.0,1.0,1.0,location,almadies,dakar
750000.0,bureaux_&_commerces,0.0,0.0,450.0,location,fann,dakar
50000.0,appartements_meublés,3.0,1.0,95.0,location,mamelles,dakar
200000.0,appartements,2.0,2.0,100.0,location,mermoz-sacré_coeur,dakar
300000.0,appartements,1.0,1.0,170.0,location,almadies,dakar
1000000.0,appartements,4.0,4.0,150.0,location,mermoz-sacré_coeur,dakar
325000.0,appartements,2.0,2.0,100.0,location,almadies,dakar
275000.0,appartements,1.0,2.0,170.0,location,mamelles,dakar
150000.0,appartements,1.0,1.0,1.0,location,fass,dakar
414400.0,appartements,2.0,2.0,95.0,location,yoff,dakar
550000.0,appartements,2.0,1.0,2.0,location,point_e,dakar
700000.0,villas,5.0,4.0,180.0,location,mermoz-sacré_coeur,dakar
1300000.0,appartements,3.0,4.0,288.0,location,almadies,dakar
2000000.0,villas,4.0,5.0,300.0,location,point_e,dakar
250000.0,appartements,3.0,3.0,170.0,location,médina,dakar
55000000.0,villas,5.0,4.0,244.0,vente,saly,saly
110000000.0,villas,3.0,3.0,400.0,vente,saly,saly
285000.0,appartements,2.0,2.0,170.0,location,mamelles,dakar
220000.0,appartements,3.0,2.0,3.0,location,almadies,dakar
165760.0,appartements,2.0,2.0,1.0,location,hlm,dakar
1000000.0,appartements,3.0,5.0,170.0,location,point_e,dakar
350000.0,bureaux_&_commerces,0.0,0.0,95.0,location,dieuppeul-derklé,dakar
1800000.0,appartements_meublés,4.0,4.0,140.0,location,ouakam,dakar
420000000.0,villas,5.0,6.0,351.0,vente,mamelles,dakar
950000.0,appartements,3.0,3.0,200.0,location,fann,dakar
350000.0,bureaux_&_commerces,0.0,0.0,94.0,location,yoff,dakar
800000.0,appartements_meublés,3.0,3.0,80.0,location,point_e,dakar
500000.0,appartements,4.0,3.0,140.0,location,yoff,dakar
50000000.0,villas,4.0,2.0,150.0,vente,rufisque,rufisque
284000000.0,villas,7.0,5.0,300.0,vente,ouest_foire,dakar
275000.0,appartements,2.0,1.0,2.0,location,fass,dakar
850000.0,villas,6.0,5.0,200.0,location,yoff,dakar
1000000.0,villas,4.0,5.0,200.0,location,ngor,dakar
2000000.0,appartements,5.0,4.0,300.0,location,rufisque,rufisque
1200000.0,villas,4.0,3.0,170.0,location,virage,dakar
1300000.0,appartements,3.0,4.0,250.0,location,almadies,dakar
950000.0,appartements,2.0,2.0,110.0,location,ouest_foire,dakar
200000.0,appartements,1.0,1.0,170.0,location,almadies,dakar
1000000.0,villas,6.0,5.0,200.0,location,almadies,dakar
400000.0,appartements,2.0,1.0,90.0,location,sicap_liberté,dakar
550000.0,villas,3.0,2.0,260.0,location,mamelles,dakar
400000.0,appartements,4.0,3.0,130.0,location,fann,dakar
6000000.0,villas,4.0,6.0,514.0,location,fann,dakar
500000.0,appartements,4.0,3.0,4.0,location,mermoz-sacré_coeur,dakar
25000.0,appartements_meublés,2.0,2.0,145.0,location,almadies,dakar
1000000000.0,terrains,0.0,0.0,980.0,vente,yoff,dakar
1200000.0,appartements_meublés,4.0,4.0,160.0,location,mermoz-sacré_coeur,dakar
350000.0,appartements_meublés,2.0,2.0,60.0,location,almadies,dakar
180000.0,appartements,1.0,1.0,1.0,location,dakar_plateau,dakar
110000000.0,villas,8.0,6.0,150.0,vente,mbao,dakar
400000.0,appartements,4.0,3.0,4.0,location,ouakam,dakar
110000.0,chambres,1.0,1.0,13.0,location,sicap_liberté,dakar
350000.0,bureaux_&_commerces,0.0,0.0,70.0,location,almadies,dakar
275000.0,appartements,2.0,2.0,100.0,location,sud_foire,dakar
110000000.0,villas,6.0,6.0,742.0,vente,point_e,dakar
673400.0,appartements,3.0,3.0,300.0,location,virage,dakar
650000.0,appartements,3.0,4.0,200.0,location,mermoz,dakar
625000.0,appartements,4.0,4.0,150.0,location,yoff,dakar
500000.0,appartements_meublés,2.0,1.0,65.0,location,ouakam,dakar
400000.0,appartements,4.0,3.0,140.0,location,fann,dakar
1500000.0,appartements,3.0,5.0,170.0,location,mamelles,dakar
1500000.0,appartements,4.0,4.0,150.0,location,mamelles,dakar
65000000.0,appartements,4.0,2.0,100.0,vente,mbao,dakar
500000.0,appartements,2.0,2.0,170.0,location,almadies,dakar
300000.0,appartements,2.0,2.0,130.0,location,ouest_foire,dakar
750000.0,bureaux_&_commerces,0.0,0.0,300.0,location,fann,dakar
130000000.0,appartements,3.0,3.0,284.0,location,hlm,dakar
300000.0,appartements,1.0,3.0,170.0,location,plateau,dakar
1700000.0,appartements,4.0,4.0,13.0,location,ouakam,dakar
1500000.0,villas,7.0,4.0,200.0,location,almadies,dakar
500000.0,appartements,4.0,3.0,4.0,location,mamelles,dakar
350000.0,bureaux_&_commerces,0.0,0.0,74.0,location,dieuppeul-derklé,dakar
500000.0,appartements,3.0,3.0,170.0,location,diamniadio,dakar
350000.0,bureaux_&_commerces,0.0,0.0,80.0,location,dieuppeul-derklé,dakar
550000.0,appartements,3.0,3.0,170.0,location,mermoz,dakar
2200000.0,appartements,3.0,4.0,241.0,location,almadies,dakar
1800000.0,appartements,3.0,2.0,170.0,location,almadies,dakar
800000.0,villas,5.0,4.0,200.0,location,sipres,dakar
400000000.0,terrains,0.0,0.0,100.0,vente,almadies,dakar
100000.0,chambres,4.0,2.0,100.0,location,gueule_tapée,dakar
10000000.0,villas,5.0,3.0,244.0,location,diamniadio,dakar
1100000.0,villas,4.0,4.0,170.0,location,almadies,dakar
550000.0,appartements,4.0,4.0,150.0,location,mamelles,dakar
250000.0,appartements,3.0,3.0,170.0,location,guediawaye,dakar
800000.0,appartements,4.0,2.0,123.0,location,point_e,dakar
1.0,appartements,3.0,3.0,107.0,location,diamniadio,dakar
330000000.0,fermes_&_vergers,65000.0,65000.0,100.0,vente,thies,thies
500000000.0,villas,7.0,5.0,300.0,vente,sicap_foire,dakar
65000000.0,appartements_meublés,4.0,2.0,100.0,vente,ouakam,dakar
80000000.0,terrains,0.0,0.0,150.0,vente,yoff,dakar
1000000.0,villas,5.0,5.0,244.0,location,almadies,dakar
400000.0,appartements,4.0,1.0,100.0,location,sipres,dakar
250000.0,appartements,2.0,2.0,127.0,location,yoff,dakar
550000.0,appartements,2.0,3.0,110.0,location,vdn,dakar
250000.0,appartements,2.0,1.0,126.0,location,yoff,dakar
60000.0,appartements_meublés,4.0,1.0,120.0,location,mermoz-sacré_coeur,dakar
450000.0,appartements,2.0,2.0,150.0,location,yoff,dakar
750000.0,appartements,4.0,3.0,4.0,location,medina,dakar
3000000.0,villas,4.0,5.0,400.0,location,fann,dakar
750000.0,appartements,3.0,4.0,170.0,location,mermoz,dakar
380000.0,appartements,3.0,2.0,3.0,location,fass,dakar
1000000.0,appartements,3.0,2.0,180.0,location,mamelles,dakar
450000.0,appartements,3.0,3.0,170.0,location,sicap_baobab,dakar
300000000.0,villas,6.0,4.0,300.0,vente,yoff,dakar
2400000.0,appartements,3.0,3.0,170.0,location,almadies,dakar
75000000.0,villas,5.0,2.0,500.0,vente,thies,thies
1500000.0,appartements,3.0,3.0,170.0,location,point_e,dakar
900000.0,appartements,2.0,2.0,170.0,location,mermoz,dakar
3500000.0,villas,5.0,8.0,244.0,location,almadies,dakar
2500000.0,villas,5.0,7.0,500.0,location,sicap_foire,dakar
750000.0,appartements,3.0,3.0,180.0,location,ngor,dakar
275000.0,appartements,2.0,1.0,100.0,location,almadies,dakar
90000000.0,appartements,2.0,2.0,87.0,location,virage,dakar
14000000.0,terrains,0.0,0.0,100.0,vente,keur_massar,keur_massar
425000.0,appartements,2.0,2.0,170.0,location,almadies,dakar
350000.0,appartements,3.0,4.0,170.0,location,vdn,dakar
35000.0,appartements_meublés,2.0,1.0,80.0,location,sicap_foire,dakar
85000000.0,appartements,4.0,4.0,100.0,vente,sicap_liberté,dakar
350000.0,appartements,2.0,3.0,152.0,location,almadies,dakar
450000.0,appartements,3.0,3.0,168.0,location,almadies,dakar
200000.0,appartements,2.0,2.0,170.0,location,golf,dakar
150000000.0,villas,3.0,3.0,600.0,vente,saly,saly
400000.0,appartements,2.0,3.0,170.0,location,almadies,dakar
550000.0,appartements,2.0,1.0,2.0,location,mermoz-sacré_coeur,dakar
1500000.0,appartements,3.0,2.0,170.0,location,mermoz,dakar
700000.0,appartements,1.0,1.0,100.0,location,hann_maristes,dakar
1800000.0,appartements,3.0,3.0,200.0,location,almadies,dakar
170000000.0,villas,4.0,4.0,244.0,vente,sicap_liberté,dakar
1300000.0,villas,4.0,3.0,300.0,location,ngor,dakar
1100000.0,appartements,3.0,4.0,175.0,location,ngor,dakar
900000.0,appartements,4.0,2.0,150.0,location,mermoz-sacré_coeur,dakar
500000.0,appartements,4.0,4.0,100.0,location,mamelles,dakar
1250000.0,appartements,3.0,2.0,120.0,location,plateau,dakar
460000.0,appartements,3.0,3.0,170.0,location,vdn,dakar
350000.0,appartements,2.0,3.0,100.0,location,ouakam,dakar
225000.0,appartements,3.0,2.0,100.0,location,hann_maristes,dakar
3500000.0,appartements,5.0,3.0,5.0,location,fann,dakar
750000.0,appartements,5.0,4.0,175.0,location,ouest_foire,dakar
145000000.0,appartements,3.0,3.0,185.0,vente,almadies,dakar
275000.0,appartements,2.0,2.0,170.0,location,sicap_foire,dakar
250000.0,appartements,2.0,3.0,170.0,location,nord_foire,dakar
850000.0,appartements,3.0,4.0,170.0,location,yoff,dakar
90000000.0,appartements,3.0,3.0,150.0,vente,ouakam,dakar
4000000.0,villas,9.0,7.0,800.0,location,mermoz-sacré_coeur,dakar
425000.0,villas,4.0,3.0,244.0,location,cambérène,dakar
1400000.0,villas,4.0,4.0,170.0,location,ouakam,dakar
25000.0,appartements,2.0,1.0,2.0,location,point_e,dakar
1700000.0,appartements,5.0,5.0,13.0,location,ouakam,dakar
45000000.0,appartements,2.0,1.0,43.0,vente,almadies,dakar
300000.0,appartements,3.0,3.0,170.0,location,sicap_foire,dakar
500000.0,appartements,1.0,1.0,100.0,location,mermoz,dakar
125000.0,appartements,2.0,2.0,170.0,location,diamniadio,dakar
32000000.0,terrains,0.0,0.0,100.0,vente,almadies_2,dakar
1000000.0,appartements,3.0,3.0,200.0,location,mermoz,dakar
900000.0,villas,4.0,3.0,250.0,location,ouakam,dakar
500000.0,appartements,3.0,2.0,100.0,location,hann_maristes,dakar
900000.0,appartements,3.0,4.0,150.0,location,almadies,dakar
250000.0,appartements,3.0,3.0,170.0,location,cite_mixta,dakar
130000000.0,villas,5.0,4.0,170.0,location,virage,dakar
1500000000.0,villas,5.0,5.0,1000.0,vente,almadies,dakar
1400000.0,appartements,2.0,3.0,204.0,location,almadies,dakar
1000000.0,appartements,3.0,4.0,300.0,location,sicap_sacré-cœur,dakar
350000.0,appartements,3.0,1.0,90.0,location,yoff,dakar
1000000.0,appartements,4.0,3.0,4.0,location,dakar_plateau,dakar
1200000.0,appartements,3.0,4.0,150.0,location,virage,dakar
1250000.0,villas,4.0,3.0,271.0,location,point_e,dakar
15000000.0,appartements,4.0,2.0,100.0,vente,almadies,dakar
400000.0,appartements,3.0,2.0,170.0,location,liberte_6_extension,dakar
180000.0,appartements,3.0,2.0,3.0,location,almadies,dakar
1750000.0,appartements,2.0,3.0,170.0,location,fann,dakar
400000.0,appartements,2.0,3.0,170.0,location,liberte_3,dakar
450000.0,appartements,3.0,3.0,170.0,location,sacré-cœur,dakar
300000.0,appartements,2.0,2.0,170.0,location,mamelles,dakar
4000000.0,villas,5.0,5.0,244.0,location,mermoz-sacré_coeur,dakar
600000.0,appartements,2.0,2.0,120.0,location,almadies,dakar
250000.0,appartements_meublés,2.0,2.0,70.0,location,sicap_liberté,dakar
2000000.0,appartements,3.0,3.0,170.0,location,fenêtre_mermoz,dakar
62000000.0,appartements,3.0,3.0,100.0,vente,ngor,dakar
1100000.0,appartements,4.0,1.0,110.0,location,almadies,dakar
1500000.0,appartements,3.0,4.0,170.0,location,mermoz,dakar
800000000.0,appartements,5.0,5.0,700.0,vente,almadies,dakar
120000.0,appartements,1.0,1.0,170.0,location,golf,dakar
110000000.0,terrains,0.0,0.0,100.0,vente,yoff,dakar
900000.0,appartements,3.0,4.0,170.0,location,mermoz,dakar
750000.0,appartements,4.0,3.0,4.0,location,mermoz-sacré_coeur,dakar
1500000.0,appartements,3.0,4.0,170.0,location,ngor,dakar
1100000.0,villas,3.0,2.0,244.0,location,almadies,dakar
900000.0,appartements,3.0,4.0,150.0,location,mermoz,dakar
450000.0,appartements,3.0,2.0,100.0,location,zone_de_captage,dakar
180000.0,appartements,2.0,2.0,120.0,location,zac_mbao,dakar
600000.0,appartements,3.0,3.0,150.0,location,amitié,dakar
26000000.0,villas,4.0,2.0,150.0,vente,almadies,dakar
350000.0,appartements,2.0,2.0,90.0,location,almadies,dakar
120000.0,appartements,2.0,2.0,170.0,location,keur_massar,dakar
900000.0,appartements,3.0,2.0,170.0,location,almadies,dakar
550000.0,appartements,3.0,2.0,3.0,location,medina,dakar
200000.0,appartements,2.0,1.0,100.0,location,ouest_foire,dakar
683000000.0,villas,5.0,5.0,500.0,vente,yoff,dakar
250000000.0,terrains,0.0,0.0,160.0,vente,medina,dakar
5500000.0,villas,4.0,6.0,514.0,location,fann,dakar
2500000.0,appartements,3.0,3.0,170.0,location,fenêtre_mermoz,dakar
125000.0,bureaux_&_commerces,0.0,0.0,94.0,location,medina,dakar
700000.0,appartements,3.0,3.0,150.0,location,almadies,dakar
550000.0,appartements,3.0,4.0,170.0,location,point_e,dakar
350000.0,appartements,2.0,2.0,2.0,location,almadies,dakar
260000.0,appartements,3.0,3.0,120.0,location,sicap_foire,dakar
1300000.0,villas,5.0,4.0,250.0,location,ngor,dakar
275000.0,appartements,2.0,2.0,100.0,location,hann_maristes,dakar
25000.0,appartements_meublés,2.0,1.0,90.0,location,sicap_liberté,dakar
77500000.0,terrains,0.0,0.0,200.0,vente,grand_yoff,dakar
700000.0,appartements,3.0,4.0,145.0,location,mamelles,dakar
550000.0,appartements,4.0,4.0,160.0,location,mamelles,dakar
2000000.0,villas,4.0,4.0,304.0,location,almadies,dakar
1200000.0,villas,4.0,3.0,170.0,location,sacré-cœur,dakar
600000.0,appartements,3.0,5.0,300.0,location,sacré-cœur,dakar
550000.0,appartements,4.0,2.0,140.0,location,sacré-coeur,dakar
1700000.0,appartements,4.0,4.0,171.0,location,mermoz-sacré_coeur,dakar
17500.0,appartements_meublés,2.0,1.0,35.0,location,keur_massar,keur_massar
400000.0,appartements,3.0,3.0,170.0,location,mamelles,dakar
900000.0,maisons_de_vacances,5.0,5.0,5.0,location,mermoz-sacré_coeur,dakar
375000.0,appartements,4.0,2.0,4.0,location,mamelles,dakar
750000.0,appartements_meublés,2.0,2.0,2.0,location,almadies,dakar
450000.0,villas,4.0,3.0,170.0,location,mamelles,dakar
362600.0,appartements,2.0,2.0,90.0,location,almadies,dakar
500000.0,appartements,3.0,4.0,170.0,location,zone_de_captage,dakar
275000.0,appartements,2.0,2.0,170.0,location,ouakam,dakar
1200000.0,villas,3.0,2.0,400.0,location,ngaparou,ngaparou
850000.0,appartements,3.0,4.0,180.0,location,point_e,dakar
900000.0,villas,6.0,6.0,200.0,location,mariste,dakar
700000.0,appartements,4.0,3.0,100.0,location,mermoz-sacré_coeur,dakar
300000.0,appartements,2.0,3.0,170.0,location,hlm_grand_médine,dakar
350000.0,appartements,2.0,3.0,120.0,location,ouakam,dakar
375000.0,appartements,4.0,2.0,140.0,location,mariste,dakar
30000.0,appartements_meublés,2.0,1.0,2.0,location,sacré-coeur,dakar
1400000.0,appartements,3.0,3.0,3.0,location,almadies,dakar
249500000.0,appartements,3.0,3.0,1600.0,vente,mbour,mbour
235000000.0,terrains,0.0,0.0,100.0,vente,sacré-coeur,dakar
350000.0,appartements,3.0,3.0,170.0,location,cambérène,dakar
1700000.0,appartements,3.0,5.0,220.0,location,almadies,dakar
285000000.0,villas,8.0,4.0,166.0,vente,parcelle_assainies,dakar
518000.0,appartements,4.0,3.0,150.0,location,almadies,dakar
500000.0,villas,5.0,1.0,200.0,location,sicap_liberté,dakar
5500000.0,terrains,0.0,0.0,100.0,vente,mbour,mbour
275000.0,appartements,1.0,1.0,100.0,location,vdn,dakar
1000000.0,appartements,5.0,4.0,150.0,location,sipres,dakar
500000.0,appartements,2.0,2.0,170.0,location,plateau,dakar
55000.0,chambres,1.0,1.0,100.0,location,mariste,dakar
110000000.0,villas,6.0,4.0,450.0,vente,thies,thies
650000.0,appartements,3.0,3.0,170.0,location,cité_keur_gorgui,dakar
1000000.0,villas,8.0,5.0,150.0,location,mermoz-sacré_coeur,dakar
280000.0,appartements,2.0,2.0,120.0,location,hlm_grand-yoff,dakar
35000000.0,terrains,0.0,0.0,897.0,vente,yoff,dakar
200000000.0,terrains,0.0,0.0,100.0,vente,sacré-coeur,dakar
550000.0,villas,4.0,2.0,244.0,location,mamelles,dakar
350000.0,bureaux_&_commerces,0.0,0.0,87.0,location,dieuppeul-derklé,dakar
500000.0,appartements,3.0,3.0,170.0,location,sicap_foire,dakar
160000.0,appartements,2.0,3.0,150.0,location,keur_ndiaye_lô,dakar
300000.0,appartements,3.0,2.0,130.0,location,yoff,dakar
800000.0,appartements,4.0,3.0,100.0,location,sicap_liberté,dakar
40000000.0,villas,6.0,4.0,225.0,vente,lac_rose,lac_rose
350000.0,bureaux_&_commerces,0.0,0.0,70.0,vente,sipres,dakar
1200000.0,appartements_meublés,4.0,4.0,150.0,location,mermoz-sacré_coeur,dakar
350000.0,appartements,1.0,3.0,90.0,location,sicap_sacré-cœur,dakar
500000.0,appartements,3.0,3.0,170.0,location,vdn,dakar
125000.0,appartements,2.0,2.0,170.0,location,mbao,dakar
2200000.0,villas,8.0,8.0,244.0,location,mermoz-sacré_coeur,dakar
180000.0,appartements,2.0,2.0,125.0,location,yoff,dakar
1.0,appartements,3.0,3.0,170.0,location,cité_keur_gorgui,dakar
650000.0,appartements,3.0,3.0,170.0,location,yoff,dakar
850000.0,villas,4.0,3.0,200.0,location,ngor,dakar
350000.0,appartements,2.0,1.0,65.0,location,sacré-coeur,dakar
600000.0,appartements,3.0,3.0,170.0,location,almadies,dakar
2500000.0,villas,5.0,7.0,350.0,location,mermoz,dakar
1600000.0,villas,4.0,4.0,285.0,location,mamelles,dakar
550000.0,appartements,3.0,4.0,170.0,location,corniche,dakar
1500000.0,bureaux_&_commerces,0.0,0.0,350.0,location,yoff,dakar
425000.0,appartements,4.0,3.0,100.0,location,sicap_liberté,dakar
550000.0,appartements,2.0,2.0,180.0,location,point_e,dakar
2100000.0,villas,5.0,5.0,244.0,location,almadies,dakar
275000.0,appartements,3.0,2.0,98.0,location,mamelles,dakar
350000.0,appartements,2.0,2.0,170.0,location,cité_keur_gorgui,dakar
1500000.0,appartements,3.0,3.0,160.0,location,fann,dakar
2800000.0,villas,4.0,6.0,440.0,location,almadies,dakar
80000000.0,appartements,4.0,2.0,100.0,vente,almadies_2,dakar
700000.0,appartements,3.0,3.0,100.0,location,almadies,dakar
2000000.0,appartements,2.0,2.0,150.0,location,mermoz,dakar
280000.0,appartements,3.0,3.0,170.0,location,liberte_6_extension,dakar
60000.0,chambres,1.0,1.0,12.0,location,sicap_liberté,dakar
170000.0,appartements,2.0,1.0,2.0,location,ouakam,dakar
52000000.0,appartements,2.0,2.0,72.0,vente,sipres,dakar
1200000.0,appartements,5.0,4.0,5.0,location,mermoz-sacré_coeur,dakar
160000.0,appartements,1.0,1.0,50.0,location,fass,dakar
210000000.0,villas,6.0,4.0,600.0,vente,ngaparou,ngaparou
300000.0,appartements,3.0,1.0,3.0,location,mermoz-sacré_coeur,dakar
900000.0,appartements,6.0,5.0,200.0,location,point_e,dakar
500000.0,appartements,3.0,3.0,170.0,location,almadies,dakar
1400000.0,appartements,2.0,2.0,170.0,location,mbao,dakar
110000000.0,villas,7.0,4.0,150.0,vente,mariste,dakar
1200000.0,villas,6.0,5.0,450.0,location,mermoz-sacré_coeur,dakar
300000.0,appartements,3.0,2.0,100.0,location,ngor,dakar
350000.0,appartements,2.0,2.0,150.0,location,mamelles,dakar
550000.0,appartements,3.0,3.0,200.0,location,sacré-cœur,dakar
1000000.0,appartements,3.0,3.0,170.0,location,point_e,dakar
330000.0,appartements,3.0,3.0,100.0,location,medina,dakar
850000.0,appartements,4.0,2.0,100.0,vente,point_e,dakar
1350000.0,appartements,4.0,3.0,190.0,location,mermoz-sacré_coeur,dakar
650000.0,appartements,4.0,1.0,100.0,location,mermoz-sacré_coeur,dakar
200000.0,bureaux_&_commerces,0.0,0.0,150.0,location,sicap_liberté,dakar
900000.0,appartements,4.0,4.0,147.0,location,point_e,dakar
35000000.0,terrains,0.0,0.0,100.0,vente,malikounda,dakar
600000.0,appartements,3.0,4.0,150.0,location,mamelles,dakar
1500000.0,appartements,4.0,4.0,150.0,location,point_e,dakar
500000.0,appartements,2.0,2.0,100.0,location,almadies,dakar
1864800.0,appartements,3.0,2.0,290.0,location,almadies,dakar
600000.0,appartements,2.0,2.0,170.0,location,mamelles,dakar
331000.0,appartements,2.0,2.0,170.0,location,sicap_baobab,dakar
225000.0,appartements,4.0,2.0,80.0,location,parcelle_assainies,dakar
200000.0,appartements,3.0,3.0,170.0,location,almadies_2,dakar
800000.0,appartements,2.0,2.0,170.0,location,vdn,dakar
4000000.0,villas,6.0,5.0,700.0,location,mermoz-sacré_coeur,dakar
110000000.0,villas,2.0,1.0,160.0,vente,rufisque,rufisque
400000.0,bureaux_&_commerces,0.0,0.0,140.0,location,fann,dakar
500000.0,appartements,3.0,2.0,170.0,location,cité_keur_gorgui,dakar
1900000.0,appartements,2.0,3.0,190.0,location,plateau,dakar
400000.0,appartements,4.0,3.0,4.0,location,mamelles,dakar
1500000.0,appartements,4.0,2.0,4.0,location,mermoz-sacré_coeur,dakar
1139600.0,appartements,3.0,4.0,180.0,location,almadies,dakar
300000.0,appartements,3.0,3.0,170.0,location,parcelles_assainies,dakar
2999990.0,villas,4.0,4.0,400.0,location,fann,dakar
8500000.0,terrains,0.0,0.0,150.0,vente,rufisque,rufisque
200000.0,appartements,2.0,1.0,60.0,location,almadies,dakar
185000.0,appartements,1.0,2.0,55.0,location,parcelles_assainies,dakar
1200000.0,villas,8.0,6.0,244.0,location,mariste,dakar
100000.0,bureaux_&_commerces,0.0,0.0,94.0,location,sacré-coeur,dakar
420000000.0,appartements,3.0,3.0,460.0,location,mariste,dakar
135000000.0,appartements,3.0,3.0,8.0,vente,mamelles,dakar
350000.0,appartements,4.0,2.0,110.0,location,mariste,dakar
400000.0,appartements,2.0,2.0,12.0,location,point_e,dakar
700000.0,appartements,5.0,4.0,5.0,location,mermoz-sacré_coeur,dakar
35000.0,appartements_meublés,3.0,1.0,70.0,location,almadies,dakar
200000.0,appartements,2.0,3.0,150.0,location,zac_mbao,dakar
200000.0,appartements,2.0,2.0,100.0,location,sicap_foire,dakar
50000000.0,fermes_&_vergers,10000.0,10000.0,100.0,vente,thies,thies
1000000.0,villas,6.0,5.0,244.0,location,diamniadio,diamniadio
550000.0,appartements,3.0,3.0,180.0,location,ouakam,dakar
1150000.0,appartements,3.0,3.0,250.0,location,almadies,dakar
460000000.0,villas,9.0,8.0,200.0,vente,mamelles,dakar
200000.0,appartements,2.0,2.0,100.0,location,ouest_foire,dakar
350000.0,bureaux_&_commerces,0.0,0.0,90.0,location,yoff,dakar
1500000.0,villas,4.0,3.0,244.0,location,mermoz-sacré_coeur,dakar
1500000.0,appartements,3.0,2.0,170.0,location,almadies,dakar
2700000.0,bureaux_&_commerces,0.0,0.0,500.0,location,almadies,dakar
1300000.0,appartements,3.0,3.0,170.0,location,plateau,dakar
3000000.0,villas,5.0,6.0,480.0,location,ngor,dakar
175000.0,appartements,3.0,2.0,100.0,location,almadies,dakar
2832000.0,bureaux_&_commerces,0.0,0.0,94.0,location,sacré-coeur,dakar
700000.0,appartements,3.0,3.0,170.0,location,ouest_foire,dakar
2000000.0,villas,4.0,3.0,255.0,location,almadies,dakar
260000000.0,villas,6.0,4.0,325.0,vente,yoff,dakar
850000.0,appartements,3.0,3.0,150.0,location,point_e,dakar
450000.0,appartements,2.0,3.0,170.0,location,mamelles,dakar
550000.0,appartements,4.0,3.0,140.0,location,sacré-coeur,dakar
350000.0,bureaux_&_commerces,0.0,0.0,45.0,location,mermoz-sacré_coeur,dakar
8000000.0,terrains,0.0,0.0,100.0,vente,rufisque,rufisque
700000.0,appartements,4.0,3.0,200.0,location,mermoz-sacré_coeur,dakar
1000000.0,appartements,3.0,1.0,170.0,location,virage,dakar
1200000.0,appartements,3.0,3.0,170.0,location,mermoz,dakar
100000.0,appartements,2.0,2.0,2.0,location,ouest_foire,dakar
400000.0,appartements,4.0,2.0,140.0,location,fann,dakar
1000000.0,appartements,3.0,5.0,150.0,location,almadies,dakar
135000000.0,terrains,0.0,0.0,100.0,vente,yoff,dakar
1100000.0,appartements,2.0,4.0,146.0,location,plateau,dakar
400000.0,appartements,2.0,3.0,170.0,location,mbao,dakar
400000.0,appartements,4.0,3.0,134.0,location,yoff,dakar
250000.0,appartements,4.0,2.0,110.0,location,ouakam,dakar
1000000.0,villas,4.0,4.0,1000.0,location,mamelles,dakar
550000.0,appartements,4.0,3.0,110.0,location,mamelles,dakar
1800000000.0,terrains,0.0,0.0,100.0,vente,almadies,dakar
1150000.0,appartements,3.0,4.0,250.0,location,almadies,dakar
300000.0,appartements,3.0,3.0,100.0,location,ouakam,dakar
350000.0,appartements,3.0,2.0,3.0,location,medina,dakar
275000.0,appartements,1.0,2.0,170.0,location,cité_keur_gorgui,dakar
300000.0,appartements,3.0,2.0,3.0,location,yoff,dakar
800000.0,appartements,3.0,3.0,160.0,location,virage,dakar
600000.0,appartements,3.0,3.0,100.0,location,sipres,dakar
1000000.0,appartements,3.0,3.0,197.0,location,point_e,dakar
700000.0,appartements,4.0,4.0,200.0,location,almadies,dakar
550000.0,appartements,4.0,3.0,136.0,location,yoff,dakar
230000.0,appartements,2.0,3.0,170.0,location,mamelles,dakar
1200000.0,appartements_meublés,4.0,2.0,160.0,location,mermoz-sacré_coeur,dakar
15000.0,appartements,3.0,2.0,100.0,location,almadies,dakar
2000000.0,appartements,3.0,5.0,400.0,location,virage,dakar
200000.0,appartements,2.0,2.0,2.0,location,diamniadio,diamniadio
30000.0,appartements_meublés,2.0,1.0,67.0,location,yoff,dakar
100000000.0,terrains,0.0,0.0,200.0,vente,mariste,dakar
1200000.0,appartements,3.0,3.0,170.0,location,plateau,dakar
70000.0,chambres,1.0,1.0,1.0,location,ouest_foire,dakar
360000.0,appartements,3.0,3.0,170.0,location,mermoz,dakar
1200000.0,villas,5.0,5.0,244.0,location,ngaparou,ngaparou
250000000.0,terrains,0.0,0.0,100.0,vente,mariste,dakar
6000000.0,villas,6.0,4.0,244.0,location,fann,dakar
350000.0,chambres,1.0,1.0,1.0,location,dakar_plateau,dakar
300000.0,bureaux_&_commerces,0.0,0.0,100.0,location,gueule_tapée,dakar
300000.0,appartements,2.0,2.0,100.0,location,ngor,dakar
56000000.0,terrains,0.0,0.0,300.0,vente,almadies,dakar
1500000.0,appartements,3.0,5.0,204.0,location,almadies,dakar
350000.0,appartements,3.0,3.0,170.0,location,almadies,dakar
800000.0,appartements,3.0,2.0,150.0,location,almadies,dakar
400000000.0,villas,8.0,2.0,327.0,vente,almadies,dakar
2200000.0,villas,6.0,6.0,244.0,location,fann,dakar
15000.0,chambres,1.0,1.0,95.0,location,mamelles,dakar
450000.0,appartements,3.0,2.0,100.0,location,mamelles,dakar
650000000.0,terrains,0.0,0.0,100.0,vente,mamelles,dakar
35000000.0,bureaux_&_commerces,0.0,0.0,70.0,vente,almadies,dakar
395000.0,appartements,2.0,2.0,170.0,location,cité_keur_gorgui,dakar
1200000.0,appartements,3.0,3.0,156.0,location,point_e,dakar
1300000.0,appartements,3.0,3.0,170.0,location,almadies,dakar
350000.0,appartements,3.0,2.0,100.0,location,mamelles,dakar
750000.0,appartements,3.0,3.0,169.0,location,mamelles,dakar
265000.0,appartements,1.0,1.0,170.0,location,mamelles,dakar
200000.0,appartements,2.0,1.0,70.0,location,ngor,dakar
125000.0,appartements,2.0,1.0,150.0,location,guediawaye,dakar
345000000.0,appartements,5.0,5.0,295.0,vente,almadies,dakar
750000.0,villas,4.0,3.0,170.0,location,virage,dakar
450000.0,appartements,3.0,3.0,170.0,location,ngor,dakar
600000.0,appartements,4.0,3.0,4.0,location,dakar_plateau,dakar
60000000.0,villas,1.0,1.0,285.0,vente,saint_louis,dakar
700000.0,appartements,4.0,4.0,150.0,location,almadies,dakar
300000.0,appartements,3.0,1.0,150.0,location,mariste,dakar
1800000.0,appartements,3.0,4.0,210.0,location,almadies,dakar
750000.0,appartements,4.0,3.0,110.0,location,mermoz-sacré_coeur,dakar
350000.0,appartements,2.0,2.0,170.0,location,sicap_foire,dakar
800000.0,appartements,3.0,4.0,150.0,location,mermoz-sacré_coeur,dakar
17000000.0,terrains,0.0,0.0,100.0,vente,rufisque,rufisque
175000.0,appartements,1.0,2.0,68.0,location,sicap_liberté,dakar
360000.0,appartements,3.0,1.0,90.0,location,mamelles,dakar
250000.0,appartements,2.0,1.0,75.0,location,almadies,dakar
38000000.0,villas,4.0,2.0,150.0,vente,rufisque,rufisque
1700000.0,villas,4.0,5.0,170.0,location,almadies,dakar
225000.0,appartements,1.0,1.0,170.0,location,mermoz,dakar
800001.0,appartements,3.0,3.0,170.0,location,cité_keur_gorgui,dakar
300000.0,appartements,2.0,2.0,2.0,location,ouakam,dakar
1400000.0,villas,4.0,5.0,312.0,location,almadies,dakar
40000.0,appartements_meublés,3.0,1.0,90.0,location,ouest_foire,dakar
1100000.0,appartements,3.0,3.0,170.0,location,plateau,dakar
130000.0,appartements,2.0,3.0,170.0,location,tivaouane_peulh,dakar
1700000.0,appartements,5.0,4.0,12.0,location,ouakam,dakar
250000.0,appartements,3.0,2.0,3.0,location,ouakam,dakar
3000000.0,villas,6.0,4.0,244.0,location,mermoz-sacré_coeur,dakar
349000.0,appartements,2.0,3.0,170.0,location,almadies,dakar
600000.0,villas,3.0,2.0,200.0,location,almadies,dakar
700000.0,appartements,4.0,3.0,120.0,location,mermoz-sacré_coeur,dakar
550000.0,appartements,3.0,4.0,170.0,location,amitié,dakar
300000.0,appartements,2.0,3.0,140.0,location,almadies,dakar
1000000.0,bureaux_&_commerces,0.0,0.0,140.0,location,sicap_liberté,dakar
1000000.0,appartements,3.0,3.0,170.0,location,ngor,dakar
195000.0,appartements,2.0,1.0,80.0,location,ngor,dakar
2500000.0,bureaux_&_commerces,0.0,0.0,350.0,location,dakar_plateau,dakar
315000.0,appartements,3.0,2.0,3.0,location,ouakam,dakar
40000000.0,terrains,0.0,0.0,206.0,vente,keur_massar,keur_massar
1000000.0,appartements,2.0,2.0,103.0,location,ngor,dakar
260000.0,appartements,2.0,2.0,170.0,location,ngor,dakar
1350000.0,appartements,3.0,3.0,250.0,location,point_e,dakar
1100000.0,villas,5.0,5.0,244.0,location,mariste,dakar
950000000.0,appartements,3.0,3.0,411.0,vente,mamelles,dakar
139000000.0,villas,3.0,3.0,400.0,vente,thies,thies
400000.0,appartements,3.0,3.0,130.0,location,mamelles,dakar
650000.0,appartements,4.0,4.0,100.0,location,sipres,dakar
1500000.0,appartements,3.0,3.0,170.0,location,mermoz,dakar
950000.0,appartements,3.0,2.0,170.0,location,mermoz,dakar
35000000.0,terrains,0.0,0.0,100.0,vente,almadies,dakar
700000.0,bureaux_&_commerces,0.0,0.0,94.0,location,dakar_plateau,dakar
750000000.0,villas,6.0,4.0,300.0,vente,almadies,dakar
225000.0,appartements,3.0,2.0,100.0,location,nord_foire,dakar
1.0,appartements,3.0,3.0,170.0,location,plateau,dakar
300000.0,appartements,2.0,2.0,110.0,location,mamelles,dakar
350000.0,appartements,1.0,1.0,170.0,location,almadies,dakar
500000000.0,villas,7.0,5.0,300.0,vente,sicap_liberté,dakar
2000000.0,villas,5.0,5.0,1000.0,location,almadies,dakar
225000.0,appartements,2.0,2.0,2.0,location,mamelles,dakar
12000000.0,terrains,0.0,0.0,100.0,vente,toubab_dialao,toubab_dialao
35000000.0,terrains,0.0,0.0,180.0,vente,diamniadio,diamniadio
40000.0,appartements_meublés,2.0,1.0,100.0,location,sicap_liberté,dakar
550000.0,appartements,3.0,2.0,170.0,location,cité_keur_gorgui,dakar
1000000.0,appartements,3.0,3.0,200.0,location,virage,dakar
200000.0,appartements,2.0,1.0,2.0,location,medina,dakar
4000000.0,bureaux_&_commerces,0.0,0.0,780.0,location,mermoz-sacré_coeur,dakar
1399500000.0,appartements,4.0,3.0,1000.0,vente,almadies,dakar
70000000.0,appartements,2.0,2.0,66.0,vente,yoff,dakar
18000000.0,terrains,0.0,0.0,100.0,vente,almadies_2,dakar
1200000.0,villas,6.0,2.0,450.0,location,mermoz-sacré_coeur,dakar
375000000.0,villas,7.0,6.0,285.0,vente,mermoz-sacré_coeur,dakar
120000.0,appartements,2.0,2.0,150.0,location,keur_ndiaye_lô,dakar
700000.0,appartements,3.0,4.0,150.0,location,point_e,dakar
1300000.0,appartements,5.0,4.0,300.0,location,ngor,dakar
700000.0,appartements,3.0,3.0,200.0,location,almadies,dakar
750000.0,appartements,4.0,2.0,150.0,location,yoff,dakar
28000000.0,villas,7.0,1.0,150.0,vente,almadies,dakar
400000.0,appartements_meublés,2.0,2.0,150.0,location,damel,dakar
800000.0,appartements,5.0,4.0,290.0,location,fann,dakar
28000000.0,terrains,0.0,0.0,230.0,vente,almadies,dakar
45000.0,appartements_meublés,2.0,1.0,100.0,location,sicap_liberté,dakar
30000.0,appartements_meublés,3.0,1.0,56.0,location,almadies,dakar
2000000.0,appartements,3.0,4.0,170.0,location,fann,dakar
1200000.0,villas,4.0,4.0,170.0,location,almadies,dakar
35000.0,appartements_meublés,2.0,1.0,50.0,location,sicap_foire,dakar
30000.0,appartements_meublés,2.0,1.0,45.0,location,yoff,dakar
30000000.0,villas,4.0,4.0,303.0,vente,mbour,mbour
110000.0,appartements,1.0,1.0,1.0,location,dieuppeul-derklé,dakar
275000.0,appartements,2.0,2.0,170.0,location,mermoz,dakar
650000.0,appartements,4.0,3.0,130.0,location,mermoz-sacré_coeur,dakar
275000.0,appartements,3.0,2.0,105.0,location,mamelles,dakar
425000.0,villas,4.0,3.0,160.0,location,cambérène,dakar
800000.0,appartements,4.0,4.0,12.0,location,mermoz-sacré_coeur,dakar
2500000.0,appartements,5.0,4.0,406.0,location,almadies,dakar
1000000.0,appartements,4.0,5.0,145.0,location,almadies,dakar
800000.0,appartements,3.0,4.0,150.0,location,mamelles,dakar
110000000.0,villas,5.0,3.0,244.0,vente,mermoz-sacré_coeur,dakar
1600000.0,appartements,3.0,3.0,800.0,location,almadies,dakar
250000.0,appartements,3.0,2.0,1.0,location,mariste,dakar
1200000.0,villas,6.0,5.0,380.0,location,mamelles,dakar
1200000.0,appartements,3.0,3.0,170.0,location,almadies,dakar
1350000.0,appartements,1.0,2.0,144.0,location,fann,dakar
1300000.0,appartements,4.0,3.0,4.0,location,point_e,dakar
1350000.0,appartements,3.0,3.0,170.0,location,almadies,dakar
500000.0,appartements,4.0,1.0,4.0,location,mamelles,dakar
1400000.0,appartements,3.0,3.0,170.0,location,plateau,dakar
350000.0,appartements,2.0,2.0,75.0,location,almadies,dakar
1500000.0,appartements,3.0,3.0,100.0,location,sicap_liberté,dakar
700000.0,appartements,6.0,6.0,100.0,location,fann,dakar
800000.0,appartements,2.0,3.0,152.0,location,almadies,dakar
4000000.0,villas,9.0,8.0,780.0,location,almadies,dakar
30000.0,appartements,1.0,1.0,170.0,location,sacré-cœur,dakar
3800000.0,appartements,3.0,3.0,170.0,location,mamelles,dakar
125000.0,chambres,1.0,1.0,45.0,location,sicap_liberté,dakar
450000.0,appartements,2.0,3.0,170.0,location,liberte_1,dakar
1200000.0,appartements,3.0,5.0,170.0,location,almadies,dakar
139000000.0,villas,4.0,3.0,400.0,vente,saly,saly
1200000.0,appartements_meublés,4.0,4.0,180.0,location,mermoz-sacré_coeur,dakar
400000.0,appartements,2.0,3.0,170.0,location,mamelles,dakar
550000.0,villas,4.0,4.0,170.0,location,vdn,dakar
350000.0,appartements,3.0,3.0,170.0,location,sacré-cœur,dakar
1200000.0,appartements,3.0,4.0,187.0,location,ngor,dakar
1000000.0,appartements,1.0,3.0,170.0,location,almadies,dakar
350000000.0,villas,8.0,5.0,297.0,vente,sicap_liberté,dakar
225000.0,appartements,2.0,2.0,65.0,location,ouest_foire,dakar
500000.0,villas,4.0,5.0,170.0,location,yoff,dakar
500000.0,appartements,3.0,3.0,170.0,location,cité_keur_gorgui,dakar
2000000.0,appartements,3.0,3.0,170.0,location,mermoz,dakar
650.0,appartements,4.0,3.0,200.0,location,almadies,dakar
225000.0,appartements,2.0,2.0,80.0,location,ouest_foire,dakar
425000.0,appartements,2.0,2.0,170.0,location,virage,dakar
150000000.0,terrains,0.0,0.0,100.0,vente,mamelles,dakar
3500000.0,bureaux_&_commerces,0.0,0.0,800.0,location,almadies,dakar
85000000.0,villas,8.0,4.0,250.0,vente,saly,saly
500000.0,appartements,3.0,4.0,170.0,location,sacré-cœur,dakar
850000.0,appartements,4.0,3.0,4.0,location,mamelles,dakar
1800000.0,villas,4.0,2.0,244.0,location,almadies,dakar
800000.0,appartements,3.0,4.0,170.0,location,hann_maristes,dakar
550000.0,appartements,4.0,3.0,4.0,location,mamelles,dakar
1100000.0,villas,4.0,4.0,244.0,location,virage,dakar
2500000.0,villas,4.0,5.0,310.0,location,plateau,dakar
2500000.0,appartements_meublés,4.0,5.0,210.0,location,yoff,dakar
270000000.0,villas,6.0,4.0,296.0,vente,almadies,dakar
1300000.0,appartements,3.0,2.0,149.0,location,almadies,dakar
1700000.0,appartements,3.0,3.0,200.0,location,mbao,dakar
250000.0,appartements,2.0,2.0,66.0,location,almadies,dakar
400000.0,appartements,3.0,3.0,3.0,location,ouakam,dakar
950000.0,villas,4.0,3.0,900.0,location,mariste,dakar
800000.0,appartements,3.0,3.0,170.0,location,almadies,dakar
2600000.0,appartements,5.0,5.0,300.0,location,mamelles,dakar
295000.0,appartements,3.0,1.0,100.0,location,ngor,dakar
175000.0,appartements,1.0,1.0,65.0,location,sicap_liberté,dakar
3000000.0,appartements,3.0,4.0,170.0,location,fann,dakar
700000.0,appartements,3.0,3.0,170.0,location,mermoz,dakar
1200000.0,villas,4.0,2.0,250.0,location,almadies,dakar
600000.0,appartements,1.0,1.0,170.0,location,corniche,dakar
1100000.0,appartements,3.0,4.0,170.0,location,almadies,dakar
1000000.0,appartements,3.0,6.0,200.0,location,ouakam,dakar
6000000.0,terrains,0.0,0.0,100.0,vente,diamniadio,diamniadio
1200000.0,appartements,3.0,3.0,200.0,location,point_e,dakar
2500000.0,appartements,5.0,5.0,304.0,location,almadies,dakar
900000.0,appartements_meublés,3.0,2.0,3.0,location,point_e,dakar
1000000.0,appartements,3.0,3.0,170.0,location,amitié,dakar
1000000.0,appartements,3.0,3.0,170.0,location,plateau,dakar
650000.0,appartements,3.0,2.0,100.0,location,ouakam,dakar
900000.0,appartements,3.0,4.0,180.0,location,liberte_5,dakar
30000.0,appartements_meublés,2.0,1.0,65.0,location,yoff,dakar
1300000.0,appartements,4.0,2.0,100.0,location,point_e,dakar
400000.0,appartements,3.0,3.0,1.0,location,ouest_foire,dakar
850000.0,appartements,3.0,3.0,3.0,location,mermoz,dakar
600000.0,appartements,4.0,1.0,100.0,location,sacré-coeur,dakar
932400.0,appartements,3.0,3.0,150.0,location,ngor,dakar
350000.0,appartements,4.0,2.0,130.0,location,mermoz-sacré_coeur,dakar
300000.0,appartements,2.0,2.0,170.0,location,ngaparou,thiès
1200000.0,appartements_meublés,4.0,2.0,130.0,location,mermoz-sacré_coeur,dakar
350000.0,villas,4.0,3.0,170.0,location,nord_foire,dakar
250000.0,bureaux_&_commerces,0.0,0.0,94.0,location,almadies,dakar
85000.0,chambres,1.0,1.0,1.0,location,ouakam,dakar
1600000.0,appartements,3.0,3.0,170.0,location,mermoz,dakar
650000.0,appartements,3.0,3.0,170.0,location,sacré-cœur,dakar
800000.0,appartements,3.0,4.0,170.0,location,liberte_6,dakar
1290000.0,villas,4.0,4.0,280.0,location,virage,dakar
450000.0,appartements,4.0,2.0,150.0,location,almadies,dakar
850000.0,appartements,3.0,3.0,153.0,location,point_e,dakar
1700000.0,appartements,3.0,3.0,200.0,location,fann,dakar
450000.0,appartements,3.0,3.0,100.0,location,mermoz-sacré_coeur,dakar
260000.0,appartements,3.0,2.0,150.0,location,ngor,dakar
1000000.0,villas,4.0,4.0,300.0,location,ngor,dakar
1200000.0,villas,4.0,2.0,244.0,location,almadies,dakar
45000000.0,villas,4.0,4.0,244.0,vente,malikounda,dakar
300000.0,appartements,3.0,2.0,3.0,location,ngor,dakar
450000.0,appartements,3.0,4.0,170.0,location,liberte_5,dakar
35000.0,appartements_meublés,2.0,2.0,2.0,location,yoff,dakar
8000000.0,terrains,0.0,0.0,100.0,vente,niaga,niaga
375000.0,appartements,3.0,2.0,3.0,location,mamelles,dakar
110000000.0,villas,2.0,1.0,210.0,vente,ouest_foire,dakar
800000.0,appartements,4.0,2.0,100.0,vente,almadies,dakar
1200000.0,villas,6.0,5.0,380.0,location,ouakam,dakar
750000000.0,terrains,0.0,0.0,1000.0,vente,almadies,dakar
250000.0,appartements,2.0,2.0,170.0,location,parcelles_assainies,dakar
1400000.0,appartements,4.0,3.0,400.0,location,mamelles,dakar
500000.0,appartements,4.0,3.0,150.0,location,medina,dakar
1100000.0,appartements,3.0,5.0,200.0,location,almadies,dakar
400000.0,appartements,4.0,3.0,130.0,location,sicap_liberté,dakar
500000.0,appartements,4.0,3.0,170.0,location,mamelles,dakar
300000000.0,terrains,0.0,0.0,100.0,vente,yoff,dakar
175000.0,appartements,3.0,1.0,40.0,location,sendou,dakar
1300000.0,appartements,3.0,3.0,170.0,location,mermoz,dakar
2500000.0,appartements_meublés,4.0,5.0,230.0,location,yoff,dakar
350000.0,appartements,3.0,3.0,170.0,location,liberte_3,dakar
35000000.0,terrains,0.0,0.0,968.0,vente,yoff,dakar
300000.0,appartements,3.0,3.0,3.0,location,fass,dakar
175000.0,appartements,1.0,1.0,45.0,location,sicap_liberté,dakar
1800000.0,appartements_meublés,4.0,2.0,150.0,location,ouakam,dakar
180000.0,appartements,1.0,3.0,170.0,location,fass,dakar
250000.0,appartements,2.0,2.0,170.0,location,ouakam,dakar
800000.0,villas,5.0,5.0,160.0,location,yoff,dakar
290000.0,appartements,2.0,2.0,170.0,location,sacré-cœur,dakar
250000.0,appartements,3.0,3.0,170.0,location,sacré-cœur,dakar
180000.0,appartements,1.0,1.0,1.0,location,fass,dakar
450000.0,appartements,3.0,3.0,110.0,location,mermoz-sacré_coeur,dakar
4000000.0,villas,9.0,6.0,800.0,location,mermoz-sacré_coeur,dakar
400000.0,appartements,3.0,3.0,3.0,location,fass,dakar
850000.0,villas,6.0,5.0,170.0,location,sacré-cœur,dakar
8000000.0,terrains,0.0,0.0,100.0,vente,malikounda,dakar
700000.0,appartements,3.0,3.0,170.0,location,vdn,dakar
450000.0,villas,4.0,3.0,244.0,location,ouakam,dakar
350000.0,appartements,4.0,4.0,100.0,location,ouakam,dakar
600000.0,appartements,3.0,3.0,170.0,location,mamelles,dakar
90000000.0,appartements,3.0,2.0,87.0,vente,yoff,dakar
250000.0,appartements,2.0,2.0,170.0,location,ouest_foire,dakar
425000.0,appartements,5.0,3.0,5.0,location,almadies,dakar
1700000.0,appartements,5.0,5.0,220.0,location,almadies,dakar
700000.0,appartements,3.0,2.0,185.0,location,almadies,dakar
265000000.0,appartements,5.0,5.0,220.0,location,almadies,dakar
1800000.0,villas,4.0,2.0,500.0,location,mermoz-sacré_coeur,dakar
300000.0,appartements,2.0,2.0,170.0,location,hann_maristes,dakar
700000.0,appartements,4.0,2.0,130.0,location,mariste,dakar
550000.0,appartements,3.0,3.0,140.0,location,sacré-coeur,dakar
650000.0,appartements,2.0,4.0,170.0,location,cité_keur_gorgui,dakar
850000.0,villas,7.0,4.0,230.0,location,yoff,dakar
1700000.0,bureaux_&_commerces,0.0,0.0,200.0,location,almadies,dakar
800000.0,appartements,3.0,3.0,230.0,location,amitié,dakar
600000.0,appartements,4.0,3.0,110.0,location,mamelles,dakar
2500000.0,appartements,5.0,5.0,5.0,location,almadies,dakar
1200000.0,villas,6.0,6.0,200.0,location,mamelles,dakar
650000.0,appartements,1.0,1.0,60.0,location,almadies,dakar
450000.0,appartements,2.0,3.0,150.0,location,mamelles,dakar
1760000.0,appartements,3.0,3.0,160.0,location,vdn,dakar
600000.0,appartements_meublés,2.0,2.0,168.0,location,almadies,dakar
300000.0,appartements,2.0,3.0,170.0,location,virage,dakar
275000.0,appartements,3.0,1.0,90.0,location,sicap_foire,dakar
2300000.0,appartements,3.0,4.0,250.0,location,fann,dakar
700000.0,appartements,4.0,3.0,150.0,location,almadies,dakar
650000.0,appartements,3.0,3.0,165.0,location,ngor,dakar
850000.0,appartements,3.0,2.0,172.0,location,sicap_liberté,dakar
180000.0,appartements,3.0,1.0,150.0,location,rufisque,rufisque
300000.0,appartements,3.0,1.0,90.0,location,yoff,dakar
1300000.0,appartements,3.0,3.0,190.0,location,point_e,dakar
35000000.0,terrains,0.0,0.0,100.0,vente,colobane,dakar
1500000.0,villas,4.0,4.0,170.0,location,mamelles,dakar
400000.0,appartements,3.0,2.0,120.0,location,grand_yoff,dakar
150000.0,appartements,2.0,3.0,170.0,location,vdn,dakar
1000000.0,villas,4.0,4.0,300.0,location,almadies,dakar
350000.0,appartements,3.0,3.0,140.0,location,ngor,dakar
2500000.0,villas,8.0,6.0,500.0,location,almadies,dakar
2250000.0,appartements,5.0,5.0,310.0,location,almadies,dakar
1000000.0,appartements,6.0,4.0,250.0,location,almadies,dakar
200000.0,appartements,3.0,2.0,80.0,location,almadies,dakar
600000.0,appartements,3.0,3.0,170.0,location,point_e,dakar
1800000.0,villas,4.0,4.0,250.0,location,fenêtre_mermoz,dakar
110000000.0,villas,5.0,4.0,300.0,vente,louga,louga
1000000.0,appartements,3.0,5.0,250.0,location,almadies,dakar
500000.0,appartements_meublés,2.0,2.0,2.0,location,mamelles,dakar
425000.0,appartements,3.0,2.0,150.0,location,almadies,dakar
1599500.0,appartements,6.0,5.0,2397.0,vente,fann,dakar
260.0,appartements,3.0,3.0,140.0,location,sicap_foire,dakar
150000.0,appartements,3.0,3.0,170.0,location,diamniadio,dakar
1200000.0,appartements,3.0,2.0,170.0,location,mermoz,dakar
47000000.0,appartements,2.0,1.0,66.0,vente,ngor,dakar
85000000.0,appartements,3.0,3.0,180.0,vente,mariste,dakar
1500000.0,villas,4.0,6.0,280.0,location,point_e,dakar
600000.0,appartements,3.0,3.0,170.0,location,amitié,dakar
6000000.0,villas,9.0,7.0,750.0,location,almadies,dakar
325000.0,appartements,2.0,2.0,170.0,location,patte_d‘oie,dakar
1100000.0,appartements,3.0,5.0,195.0,location,virage,dakar
360000.0,appartements,2.0,3.0,150.0,location,ouakam,dakar
800000.0,appartements,5.0,4.0,5.0,location,mamelles,dakar
450000.0,appartements,3.0,2.0,150.0,location,almadies,dakar
150000000.0,villas,4.0,2.0,220.0,vente,point_e,dakar
250000.0,appartements,2.0,2.0,2.0,location,almadies,dakar
350000.0,appartements,4.0,2.0,100.0,vente,ouest_foire,dakar
800000.0,appartements,4.0,3.0,140.0,location,mermoz-sacré_coeur,dakar
200000.0,appartements,1.0,1.0,170.0,location,ouakam,dakar
500000.0,appartements_meublés,2.0,1.0,56.0,location,ouakam,dakar
200000.0,appartements,3.0,2.0,90.0,location,sacré-coeur,dakar
800000.0,appartements,3.0,3.0,200.0,location,almadies,dakar
367000.0,appartements,3.0,2.0,3.0,location,sicap_liberté,dakar
700000.0,appartements,5.0,2.0,210.0,location,mermoz-sacré_coeur,dakar
2100000.0,villas,4.0,4.0,280.0,location,mermoz,dakar
225000000.0,terrains,0.0,0.0,100.0,vente,grand_yoff,dakar
260000.0,appartements,3.0,3.0,97.0,location,sicap_foire,dakar
569800.0,appartements,3.0,4.0,150.0,location,almadies,dakar
330000.0,appartements,2.0,3.0,170.0,location,ouakam,dakar
600000.0,appartements,3.0,4.0,200.0,location,mamelles,dakar
2500000.0,appartements,5.0,4.0,450.0,location,almadies,dakar
500000.0,appartements,3.0,3.0,150.0,location,almadies,dakar
2000000.0,appartements,4.0,2.0,100.0,location,almadies,dakar
80000000.0,villas,8.0,4.0,160.0,vente,almadies_2,dakar
350000.0,bureaux_&_commerces,0.0,0.0,98.0,location,dieuppeul-derklé,dakar
1250000.0,villas,4.0,5.0,170.0,location,almadies,dakar
210000.0,appartements,3.0,3.0,170.0,location,grand-dakar,dakar
600000.0,appartements,1.0,1.0,55.0,location,mermoz,dakar
230000.0,appartements,1.0,3.0,170.0,location,amitié,dakar
3300000.0,villas,4.0,6.0,260.0,location,fann,dakar
2000000.0,appartements,6.0,6.0,310.0,location,point_e,dakar
950000.0,appartements,3.0,4.0,170.0,location,point_e,dakar
1500000.0,villas,5.0,3.0,170.0,location,almadies,dakar
5500000.0,villas,8.0,4.0,2000.0,location,fann,dakar
1400000.0,appartements,6.0,4.0,6.0,location,ouakam,dakar
350000.0,appartements,3.0,3.0,150.0,location,mermoz-sacré_coeur,dakar
165000.0,chambres,1.0,1.0,1.0,location,mermoz-sacré_coeur,dakar
300000.0,appartements,2.0,2.0,100.0,location,hann_maristes,dakar
22000.0,appartements_meublés,1.0,1.0,1.0,location,mermoz-sacré_coeur,dakar
1250000.0,appartements,4.0,3.0,4.0,location,almadies,dakar
95000.0,appartements,2.0,1.0,35.0,location,rufisque,rufisque
250000.0,appartements,2.0,3.0,170.0,location,parcelles_assainies,dakar
1450000.0,appartements,4.0,3.0,4.0,location,dakar_plateau,dakar
500000.0,appartements,3.0,3.0,100.0,location,mamelles,dakar
800000.0,appartements,5.0,4.0,240.0,location,fann,dakar
1300000.0,bureaux_&_commerces,0.0,0.0,93.0,location,dakar_plateau,dakar
350000.0,appartements,3.0,1.0,3.0,location,mermoz-sacré_coeur,dakar
13000000.0,terrains,0.0,0.0,100.0,vente,rufisque,rufisque
25000.0,appartements_meublés,2.0,1.0,2.0,location,sacré-coeur,dakar
1800000.0,villas,4.0,3.0,170.0,location,point_e,dakar
450000.0,appartements,3.0,3.0,100.0,location,sipres,dakar
2200000.0,appartements,2.0,3.0,230.0,location,plateau,dakar
550000.0,appartements,4.0,3.0,4.0,location,sacré-coeur,dakar
2500000.0,appartements,5.0,4.0,430.0,location,almadies,dakar
900000.0,appartements,1.0,1.0,170.0,location,almadies,dakar
32599500.0,appartements,4.0,2.0,50000.0,vente,almadies,dakar
2000000.0,bureaux_&_commerces,0.0,0.0,100.0,location,biscuiterie,dakar
700000.0,appartements,3.0,4.0,150.0,location,mamelles,dakar
1300000.0,appartements,3.0,3.0,170.0,location,sacré-cœur,dakar
225000000.0,terrains,0.0,0.0,190.0,vente,grand_yoff,dakar
500000.0,appartements,2.0,2.0,170.0,location,mamelles,dakar
300000.0,appartements,4.0,2.0,100.0,vente,ouest_foire,dakar
80000.0,appartements,1.0,1.0,100.0,location,sicap_liberté,dakar
700000.0,villas,4.0,3.0,170.0,location,mermoz,dakar
43000000.0,villas,3.0,3.0,320.0,vente,saly,saly
1200000.0,appartements,4.0,4.0,4.0,location,fann,dakar
367000.0,appartements,2.0,3.0,170.0,location,sicap_baobab,dakar
400000.0,appartements,4.0,3.0,133.0,location,yoff,dakar
1500000.0,appartements,3.0,4.0,160.0,location,almadies,dakar
2000000.0,appartements,3.0,3.0,100.0,vente,toubab_dialao,toubab_dialao
675000.0,villas,3.0,3.0,600.0,location,thies,thies
850000.0,appartements,3.0,3.0,170.0,location,ouakam,dakar
800000.0,appartements,3.0,2.0,3.0,location,dakar_plateau,dakar
550000.0,appartements,3.0,2.0,120.0,location,sacré-coeur,dakar
600000.0,appartements,3.0,3.0,170.0,location,cité_keur_gorgui,dakar
500000.0,appartements,4.0,3.0,4.0,location,ouest_foire,dakar
300000.0,appartements,4.0,3.0,12.0,location,diamalaye_1,dakar
150000.0,appartements,1.0,3.0,170.0,location,sicap_foire,dakar
400000.0,appartements,4.0,1.0,100.0,location,sicap_foire,dakar
150000.0,chambres,1.0,1.0,1.0,location,medina,dakar
650000.0,appartements_meublés,1.0,1.0,1.0,location,almadies,dakar
300000000.0,villas,8.0,8.0,260.0,vente,almadies,dakar
600000.0,appartements_meublés,4.0,2.0,140.0,location,ouakam,dakar
550000.0,villas,3.0,2.0,280.0,location,mamelles,dakar
4000000.0,villas,9.0,7.0,780.0,location,mermoz-sacré_coeur,dakar
850000.0,appartements,1.0,2.0,120.0,location,mermoz,dakar
1700000.0,appartements,2.0,3.0,170.0,location,almadies,dakar
2500000.0,appartements,5.0,4.0,410.0,location,almadies,dakar
900000.0,villas,6.0,5.0,244.0,location,mermoz-sacré_coeur,dakar
900000.0,appartements,3.0,4.0,190.0,location,almadies,dakar
160000.0,appartements,2.0,1.0,120.0,location,sicap_foire,dakar
225000.0,appartements,3.0,2.0,100.0,location,mariste,dakar
225000.0,appartements,3.0,2.0,98.0,location,sicap_liberté,dakar
90000.0,chambres,1.0,1.0,13.0,location,sicap_liberté,dakar
170000.0,appartements,3.0,2.0,3.0,location,keur_massar,keur_massar
15000.0,appartements,1.0,1.0,75.0,location,almadies,dakar
250000000.0,terrains,0.0,0.0,150.0,vente,medina,dakar
110000000.0,villas,4.0,2.0,244.0,vente,yoff,dakar
1500000.0,villas,6.0,4.0,400.0,location,yoff,dakar
65000000.0,appartements,2.0,1.0,2.0,vente,point_e,dakar
260000.0,appartements,3.0,3.0,110.0,location,sicap_foire,dakar
300000.0,appartements,4.0,2.0,100.0,location,damel,dakar
35000000.0,terrains,0.0,0.0,150.0,vente,almadies,dakar
117000000.0,villas,5.0,7.0,200.0,vente,grand_yoff,dakar
35000.0,appartements,2.0,3.0,80.0,location,ouest_foire,dakar
1600000.0,villas,6.0,5.0,800.0,location,almadies,dakar
1000000.0,appartements,3.0,4.0,140.0,location,almadies,dakar
1.0,appartements,2.0,2.0,1.0,location,hann_maristes,dakar
650000.0,appartements,4.0,4.0,100.0,location,ouakam,dakar
2300000.0,villas,5.0,5.0,244.0,location,fann,dakar
2000000.0,appartements,2.0,2.0,170.0,location,mermoz,dakar
470000.0,appartements,2.0,3.0,120.0,location,vdn,dakar
449500000.0,appartements,4.0,4.0,690.0,vente,saly,saly
125000000.0,villas,8.0,6.0,380.0,vente,mbao,dakar
300000.0,appartements,2.0,3.0,170.0,location,yoff,dakar
500000.0,appartements,3.0,3.0,170.0,location,mamelles,dakar
350000.0,appartements,2.0,2.0,170.0,location,ngor,dakar
1400000.0,villas,4.0,4.0,350.0,location,almadies,dakar
75000000.0,terrains,0.0,0.0,150.0,vente,ouest_foire,dakar
250000.0,appartements,2.0,1.0,120.0,location,gueule_tapée,dakar
22000000.0,terrains,0.0,0.0,100.0,vente,keur_massar,keur_massar
175000000.0,terrains,0.0,0.0,100.0,vente,almadies,dakar
350000.0,appartements,5.0,1.0,200.0,location,ouakam,dakar
500000.0,appartements,2.0,3.0,110.0,location,almadies,dakar
130000000.0,villas,7.0,2.0,300.0,vente,hlm,dakar
200000.0,appartements,1.0,1.0,30.0,location,medina,dakar
260000.0,appartements,3.0,2.0,130.0,location,mamelles,dakar
1600000.0,villas,4.0,3.0,300.0,location,ngor,dakar
250000.0,appartements,1.0,3.0,150.0,location,almadies_2,dakar
350000.0,appartements,3.0,2.0,3.0,location,mermoz-sacré_coeur,dakar
2600000.0,villas,4.0,6.0,400.0,location,point_e,dakar
1800000.0,appartements_meublés,4.0,4.0,130.0,location,ouakam,dakar
500000.0,appartements,4.0,2.0,120.0,location,mamelles,dakar
300000.0,appartements,1.0,4.0,80.0,location,almadies,dakar
180000.0,appartements,1.0,1.0,1.0,location,medina,dakar
310800.0,appartements,3.0,1.0,90.0,location,sicap_foire,dakar
1250000.0,villas,4.0,5.0,340.0,location,ngor,dakar
550000000.0,villas,9.0,8.0,369.0,vente,mermoz-sacré_coeur,dakar
2200000.0,appartements,3.0,3.0,170.0,location,fann,dakar
700000.0,appartements,4.0,4.0,4.0,location,mermoz-sacré_coeur,dakar
700000.0,appartements,3.0,3.0,200.0,location,ngor,dakar
300000.0,appartements,2.0,2.0,170.0,location,liberte_6,dakar
500000.0,appartements,3.0,3.0,140.0,location,mamelles,dakar
670000.0,appartements,2.0,3.0,170.0,location,almadies,dakar
15000.0,appartements,3.0,3.0,3.0,location,chambres,dakar
700000.0,appartements,3.0,3.0,170.0,location,mamelles,dakar
850000.0,appartements,3.0,4.0,150.0,location,almadies,dakar
250000.0,appartements,1.0,1.0,170.0,location,ouest_foire,dakar
130000000.0,villas,7.0,2.0,300.0,vente,almadies,dakar
1000000.0,appartements,6.0,4.0,6.0,location,mermoz-sacré_coeur,dakar
950000.0,appartements,3.0,3.0,200.0,location,almadies,dakar
1000000.0,villas,6.0,6.0,244.0,location,almadies_2,dakar
800000.0,appartements,5.0,4.0,250.0,location,fann,dakar
900000.0,appartements,3.0,3.0,170.0,location,mermoz,dakar
500000.0,appartements,2.0,1.0,90.0,location,ouakam,dakar
12500000.0,terrains,0.0,0.0,100.0,vente,diamniadio,diamniadio
2800000.0,villas,5.0,5.0,1000.0,location,ngor,dakar
300000.0,appartements,2.0,3.0,170.0,location,fass,dakar
2000000.0,appartements,3.0,3.0,170.0,location,almadies,dakar
700000.0,appartements,2.0,3.0,250.0,location,almadies,dakar
1300000.0,appartements,4.0,3.0,4.0,location,mermoz-sacré_coeur,dakar
500000.0,appartements,2.0,1.0,100.0,location,mermoz-sacré_coeur,dakar
650000.0,appartements,3.0,4.0,200.0,location,mamelles,dakar
1300000.0,appartements,4.0,4.0,4.0,location,point_e,dakar
850000.0,appartements,3.0,5.0,150.0,location,almadies,dakar
300000.0,appartements,2.0,2.0,2.0,location,dakar_plateau,dakar
750000.0,appartements,2.0,2.0,170.0,location,point_e,dakar
3500000.0,villas,5.0,5.0,500.0,location,fann,dakar
550000.0,appartements,3.0,2.0,3.0,location,mamelles,dakar
800000.0,appartements,3.0,3.0,170.0,location,mamelles,dakar
2500000.0,appartements_meublés,4.0,4.0,230.0,location,yoff,dakar
950000.0,appartements,3.0,3.0,200.0,location,liberte_6,dakar
260000.0,appartements,2.0,2.0,110.0,location,sicap_foire,dakar
650000.0,appartements,3.0,3.0,120.0,location,mermoz,dakar
450000.0,appartements,3.0,3.0,170.0,location,ouest_foire,dakar
1300000.0,appartements,3.0,5.0,200.0,location,virage,dakar
280000.0,appartements,1.0,3.0,70.0,location,liberte_6_extension,dakar
518000.0,appartements,3.0,3.0,150.0,location,almadies,dakar
250000.0,appartements,4.0,2.0,100.0,vente,sacré-coeur,dakar
300000.0,appartements,2.0,2.0,170.0,location,grand-yoff,dakar
65000000.0,appartements,1.0,2.0,170.0,location,mermoz,dakar
300000.0,appartements,2.0,3.0,160.0,location,sacré-cœur,dakar
45000000.0,villas,3.0,3.0,150.0,vente,rufisque,rufisque
2800000.0,bureaux_&_commerces,0.0,0.0,230.0,location,mermoz-sacré_coeur,dakar
400000.0,appartements,3.0,3.0,150.0,location,vdn,dakar
2300000.0,appartements,3.0,5.0,250.0,location,plateau,dakar
725000.0,appartements,4.0,4.0,250.0,location,ngor,dakar
350000.0,villas,4.0,4.0,150.0,location,ouest_foire,dakar
700000.0,appartements,2.0,2.0,120.0,location,ngor,dakar
